Associated organisations,Attachments,Title,Summary,Old URL,Type,Publication date
Scotland Office,"[{""link"": ""http://www.scotlandoffice.gov.uk/scotlandoffice/files/SP-CRO-Order-010311.pdf"", ""title"": ""The Scottish Parliament (Constituency Returning Officers) Order 2011""}]",The Scottish Parliament (Constituency Returning Officers) Order 2011,,http://www.scotlandoffice.gov.uk/scotlandoffice/10801.134.html,Publications,07-Mar-2011
Scotland Office,"[{""link"": ""http://www.scotlandoffice.gov.uk/scotlandoffice/files/Scotland and Defence.pdf"", ""title"": ""Read the Background Paper - Scotland and Defence""}]",Scotland and Defence - Background paper,"This short background paper examines the significant presence the Armed Forces have in Scotland, the Scottish industrial skills that are at the forefront of some of the most technologically advanced engineering in the world, and the overall economic contribution the UK Government's spending on defence has in Scotland.",http://www.scotlandoffice.gov.uk/scotlandoffice/10801.134.html,Publications,08-Mar-2010
Scotland Office,"[{""link"": ""http://www.scotlandoffice.gov.uk/scotlandoffice/files/Time Series Analysis of Government Expenditures and Revenues in Scotland.pdf"", ""title"": ""Time Series Analysis of Government Expenditures and Revenues in Scotland.pdf""}]",Expenditure and Revenue in Scotland - Background Paper,The Scotland Office Background Paper on Expenditure and Revenue in Scotland. The paper examines the revenue generated in Scotland and the spending of both the UK and Scottish governments in Scotland. The analysis is based on figures contained in the Scottish Government's GERs report.,http://www.scotlandoffice.gov.uk/scotlandoffice/10801.134.html,Publications,25-Jan-2010
Scotland Office,"[{""link"": ""http://www.scotlandoffice.gov.uk/scotlandoffice/files/Scotland's Future in the United Kingdom.pdf"", ""title"": ""White Paper: Scotland's Future in the United Kingdom""}]",Scotland's Future in the United Kingdom,The UK Government's response to the Calman Commission.,http://www.scotlandoffice.gov.uk/scotlandoffice/10801.134.html,Publications,25-Nov-2009
Scotland Office,"[{""link"": ""http://www.scotlandoffice.gov.uk/scotlandoffice/files/Scotland Office Tax Paper 1711.pdf"", ""title"": ""Read the Tax paper here""}]",Tax - Background Paper,,http://www.scotlandoffice.gov.uk/scotlandoffice/10801.134.html,Publications,18-Nov-2009
Scotland Office,"[{""link"": ""http://www.scotlandoffice.gov.uk/scotlandoffice/files/Scotland and Oil - Background paper.pdf"", ""title"": ""Read the Scotland and Oil paper (PDF 59.81KB)""}]",Scotland and Oil - Background Paper,A paper setting out the facts  on oil revenues and public spending in Scotland.,http://www.scotlandoffice.gov.uk/scotlandoffice/10801.134.html,Publications,18-Jun-2009
Scotland Office,"[{""link"": ""http://www.scotlandoffice.gov.uk/scotlandoffice/files/Guidance for 2009 European Parliament.pdf"", ""title"": ""European Elections Account Guidance 2009 ""}]",2009 European Parliamentary Elections: Account Guidance,Accounts guidance for electoral professionals ahead of the European Elections 2009.,http://www.scotlandoffice.gov.uk/scotlandoffice/10801.134.html,Publications,20-May-2009
Scotland Office,"[{""link"": ""http://www.scotlandoffice.gov.uk/scotlandoffice/files/Government evidence as submitted 05-11-2008.pdf"", ""title"": ""Government evidence as submitted 05-11-2008.pdf [ PDF file, 332.69 Kb ]""}]",Government evidence to Commission on Scottish Devolution,"
Evidence on the practical workings of devolution submitted on behalf of the Government to the Commission on Scottish Devolution and published by the Scotland Office 
",http://www.scotlandoffice.gov.uk/scotlandoffice/10801.134.html,Publications,10-Nov-2008
Scotland Office,"[{""link"": ""http://www.scotlandoffice.gov.uk/scotlandoffice/files/SASC elections formal response 2406.pdf"", ""title"": ""SASC elections formal response 2406.pdf [ PDF file, 760.03 Kb ]""}]",Formal response to the report by the Scottish Affairs Committee: Experience of the Scottish Elections,"
The Government's response to the House of Commons Scottish Affairs Committee enquiry into the May 2007 Scottish Parliament elections: ""Experience of the Scottish Elections""
",http://www.scotlandoffice.gov.uk/scotlandoffice/10801.134.html,Publications,24-Jun-2008
Scotland Office,"[{""link"": ""http://www.scotlandoffice.gov.uk/scotlandoffice/files/updatedversionJune08.xls"", ""title"": ""updatedversionJune08.xls [ Excel file, 2.34 Mb ]""}]",Sub-constituency election results for the 2007 Scottish Parliament elections - data,"
The May 2007 Scottish Parliament elections were counted electronically which meant that, for the first time, it has been possible to hold information on results at a sub-constituency level.

The Minister of State for Scotland has agreed to the release of this data which are provided below as the following Excel tables. (Please also read the separate commentary for full explanation of the data published here) 

1.	Lookup table for cross-referencing between polling stations, constituency and polling place. 


2.	Aggregation list showing which polling stations have been combined 


3.	Table of constituency election results at polling station level (by constituency)


4.	Table of regional election results at polling station level (by constituency)

5.	Table of cross-tabulated elections results, i.e. across constituency and regional contests, by constituency. This table compares voters' choice of constituency candidate to their choice of regional candidate or party 


If you have a query about release of this data, please contact Sheila Scobie [sheila.scobie@scotland.gsi.gov.uk].
",http://www.scotlandoffice.gov.uk/scotlandoffice/10801.134.html,Publications,30-Apr-2008
Scotland Office,"[{""link"": ""http://www.scotlandoffice.gov.uk/scotlandoffice/files/Commentary -  data released on 30 April 2008 (2).doc"", ""title"": ""Commentary -  data released on 30 April 2008 (2).doc [ DOC file, 33.50 Kb ]""}]",Sub-constituency election results for the 2007 Scottish Parliament elections - commentary,"
The May 2007 Scottish Parliament elections were counted electronically which meant that, for the first time, it has been possible to hold information on results at a sub-constituency level. 

The Minister of State for Scotland has agreed to the release of this data which are provided separately as Excel tables. Attached here is a commentary  - please read this document for an explanation of what data are being released. 
",http://www.scotlandoffice.gov.uk/scotlandoffice/10801.134.html,Publications,30-Apr-2008
Scotland Office,"[{""link"": ""http://www.scotlandoffice.gov.uk/scotlandoffice/files/Final version of report.pdf"", ""title"": ""Final version of report.pdf [ PDF file, 1.28 Mb ]""}]",Final report of the Arbuthnott Commission on Boundary Differences and Voting Systems,"
Final report by the Commission on Boundary Differences and Voting Systems, under the chairmanship of Professor Sir John Arbuthnott: 'Putting Citizens First: Boundaries, Voting and Representation in Scotland' - first presented to the Secretary of State for Scotland and the First Minister on 19 January 2006 and formerly available on the Commission's own website. 
",http://www.scotlandoffice.gov.uk/scotlandoffice/10801.134.html,Publications,18-Oct-2007
Scotland Office,"[{""link"": ""http://www.scotlandoffice.gov.uk/scotlandoffice/files/Guidance for abbreviated accounts-Edition2.pdf"", ""title"": ""Guidance for abbreviated accounts-Edition2.pdf [ PDF file, 355.25 Kb ]""}]",GUIDANCE NOTES FOR RETURNING OFFICERS ON SUBMITTING ACCOUNTS - SCOTTISH PARLIAMENT ELECTIONS 2007,Open: ,http://www.scotlandoffice.gov.uk/scotlandoffice/10801.134.html,Publications,11-May-2007
Scotland Office,"[{""link"": ""http://www.scotlandoffice.gov.uk/scotlandoffice/10198.html"", ""title"": ""Read""}]",RESPONSE BY THE SECRETARY OF STATE FOR SCOTLAND TO THE REPORT OF THE COMMISSION ON BOUNDARY DIFFERENCES AND VOTING SYSTEMS (ARBUTHNOTT COMMISSION),"
The Commission on Boundary Differences and Voting Systems, under the chairmanship of Professor Sir John Arbuthnott, presented its report - 'Putting Citizens First:  Boundaries, Voting and Representation in Scotland' - to the Secretary of State for Scotland and the First Minister on 19 January 2006.

The Commission made 24 recommendations.   These, with the Secretary of State's responses, are set out in the attached document
",http://www.scotlandoffice.gov.uk/scotlandoffice/10801.134.html,Publications,23-Jan-2007
Scotland Office,"[{""link"": ""http://www.scotlandoffice.gov.uk/scotlandoffice/10196.html"", ""title"": ""Read""}]",Government Memorandum on the Sewel Convention,,http://www.scotlandoffice.gov.uk/scotlandoffice/10801.134.html,Publications,21-Mar-2005
Scotland Office,"[{""link"": ""http://www.scotlandoffice.gov.uk/scotlandoffice/10195.html"", ""title"": ""Read""}]",Freedom of Information Release,,http://www.scotlandoffice.gov.uk/scotlandoffice/10801.134.html,Publications,11-Mar-2005
Scotland Office,"[{""link"": ""http://www.scotlandoffice.gov.uk/scotlandoffice/files/The Returning Officers (Parl Constituencies) (S) Order 2005_final.doc"", ""title"": ""The Returning Officers (Parl Constituencies) (S) Order 2005_final.doc [ DOC file, 37.50 Kb ]""}]",The Returning Officers (Parliamentary Constituencies) (Scotland) Order 2005,Open: ,http://www.scotlandoffice.gov.uk/scotlandoffice/10801.134.html,Publications,23-Feb-2005
Scotland Office,"[{""link"": ""http://www.scotlandoffice.gov.uk/scotlandoffice/files/PUBLSCHEME 04.doc"", ""title"": ""PUBLSCHEME 04.doc [ DOC file, 124.00 Kb ]""}]",Publication Scheme,"
Under the Freedom of Information Act 2000 all public authorities are obliged to adopt and maintain a Publication Scheme
",http://www.scotlandoffice.gov.uk/scotlandoffice/10801.134.html,Publications,30-Dec-2004
Scotland Office,"[{""link"": ""http://www.scotlandoffice.gov.uk/scotlandoffice/files/SSI0710.doc"", ""title"": ""SSI0710.doc [ DOC file, 189.50 Kb ]""}]",Parliamentary Constituencies (Scotland) Order 2005,Open: ,http://www.scotlandoffice.gov.uk/scotlandoffice/10801.134.html,Publications,14-Dec-2004
Scotland Office,"[{""link"": ""http://www.scotlandoffice.gov.uk/scotlandoffice/files/Scottish Elections 2003 response_final1.doc"", ""title"": ""Scottish Elections 2003 response_final1.doc [ DOC file, 50.00 Kb ]""}]",Response to the Electoral Commission's report on elections,"
Joint Scotland Office and Scottish Government response to the Electoral Commission's statutory report on the combined Scottish Parliament and local government elections which were held in May 2003.

",http://www.scotlandoffice.gov.uk/scotlandoffice/10801.134.html,Publications,06-Dec-2004
Scotland Office,"[{""link"": ""http://www.scotlandoffice.gov.uk/scotlandoffice/files/Sunday_Working.doc"", ""title"": ""Sunday_Working.doc [ DOC file, 736.50 Kb ]""}]",Sunday Working,"
Guidance note to the Sunday Working (Scotland) Act 2003 
",http://www.scotlandoffice.gov.uk/scotlandoffice/10801.134.html,Publications,23-Aug-2004
Scotland Office,"[{""link"": ""http://www.scotland.gov.uk/concordats/"", ""title"": "" http://www.scotland.gov.uk/concordats/""}]",UK Concordats,"
(available from Scottish Government web site)
",http://www.scotlandoffice.gov.uk/scotlandoffice/10801.134.html,Publications,23-Aug-2004
Scotland Office,"[{""link"": ""http://www.scotlandoffice.gov.uk/scotlandoffice/files/SA_Explanatory_Notes.pdf"", ""title"": ""SA_Explanatory_Notes.pdf [ PDF file, 873.93 Kb ]""}]",Scotland Act Explanatory Notes,Open: ,http://www.scotlandoffice.gov.uk/scotlandoffice/10801.134.html,Publications,10-Feb-2004
Scotland Office,"[{""link"": ""http://www.scotlandoffice.gov.uk/scotlandoffice/files/SEPC minutes 020903 FINAL.doc"", ""title"": ""SEPC minutes 020903 FINAL.doc [ DOC file, 72.00 Kb ]""}]",Euro Preparations Committee,"
Minutes from Scottish Euro Preparations Committe on 2 September 2003
",http://www.scotlandoffice.gov.uk/scotlandoffice/10801.134.html,Publications,26-Sep-2003
Scotland Office,"[{""link"": ""http://www.scotlandoffice.gov.uk/scotlandoffice/10182.html"", ""title"": ""Read""}]",The Sewel Convention,Scottish Parliament Procedures Committee Inquiry into the Sewel Convention ,http://www.scotlandoffice.gov.uk/scotlandoffice/10801.134.html,Publications,03-Feb-2003
Scotland Office,"[{""link"": ""http://www.scotlandoffice.gov.uk/scotlandoffice/10181.html"", ""title"": ""Read""}]",Scotland's Devolution Settlement,,http://www.scotlandoffice.gov.uk/scotlandoffice/10801.134.html,Publications,27-Jan-2003
Scotland Office,"[{""link"": ""http://www.dca.gov.uk/constitution/devolution/guidance.htm"", ""title"": "" http://www.dca.gov.uk/constitution/devolution/guidance.htm""}]",Devolution Guidance,Devoution guidance notes from the DCA website ,http://www.scotlandoffice.gov.uk/scotlandoffice/10801.134.html,Publications,01-Oct-2002
Scotland Office,"[{""link"": ""http://www.scotlandoffice.gov.uk/scotlandoffice/10183.html"", ""title"": ""Read""}]",Motoring Taxation Costs,Comparison of Motoring Taxation Costs Across Europe - Report by Colin Buchanan and Partners ,http://www.scotlandoffice.gov.uk/scotlandoffice/10801.134.html,Publications,06-Nov-2000
Scotland Office,"[{""link"": ""http://www.scotlandoffice.gov.uk/scotlandoffice/10184.html"", ""title"": ""Read""}]",Dover House,"A history of Dover House, the London headquarters of the Scotland Office ",http://www.scotlandoffice.gov.uk/scotlandoffice/10801.134.html,Publications,30-Jun-2000
Scotland Office,"[{""link"": ""http://www.scotlandoffice.gov.uk/scotlandoffice/files/WMS - Reforming the law on Scottish unincorporated associations and crimnal liability of Scottish partnerships.pdf"", ""title"": ""Written Ministerial Statement - Consultation on Scottish unincorporated associations and criminal liability of Scottish partnerships""}]",Reforming the law on Scottish unincorporated associations and criminal liability of Scottish partnerships,,http://www.scotlandoffice.gov.uk/scotlandoffice/10802.137.html,Written Ministerial statements,17-Apr-2012
Scotland Office,"[{""link"": ""http://www.scotlandoffice.gov.uk/scotlandoffice/files/WMS Calman Commons 15 June 09.pdf"", ""title"": ""Devolution: Commission on Scottish Devolution - WMS Devolution formal response WMS 150609 (PDF 128KB)""}]",Written Ministerial statement on the publication of the final report from the Commission on Scottish Devolution,Open: ,http://www.scotlandoffice.gov.uk/scotlandoffice/10802.137.html,Written Ministerial statements,15-Jun-2009
Scotland Office,"[{""link"": ""http://www.scotlandoffice.gov.uk/scotlandoffice/files/Gould formal response WMS 240608.pdf"", ""title"": ""Gould formal response WMS 240608.pdf [ PDF file, 236.39 Kb ]""}]",Written ministerial statement setting out formal response to the Gould report into the May 2007 Scottish Parliament elections,Open: ,http://www.scotlandoffice.gov.uk/scotlandoffice/10802.137.html,Written Ministerial statements,24-Jun-2008
Scotland Office,"[{""link"": ""http://www.scotlandoffice.gov.uk/scotlandoffice/files/Minutes 27-07-12 - For internet.pdf"", ""title"": ""Read the minutes of the Joint Management Board meeting from 19 June 2012 [26KB]""}]",Joint Management Board Minutes - 19 June 2012,,http://www.scotlandoffice.gov.uk/scotlandoffice/10797.135.html,Reports and accounts,27-Aug-2012
Scotland Office,"[{""link"": ""http://www.scotlandoffice.gov.uk/scotlandoffice/files/ScotlandOfficeAnnualReport2011-12.pdf"", ""title"": ""Annual Report for the Scotland Office and the Office of the Advocate General 2011-12""}]",Annual Report (2011-12) for the Scotland Office and the Office of the Advocate General,,http://www.scotlandoffice.gov.uk/scotlandoffice/10797.135.html,Reports and accounts,16-Jul-2012
Scotland Office,"[{""link"": ""http://www.scotlandoffice.gov.uk/scotlandoffice/files/Minutes - 17 June 2011 - internet.pdf"", ""title"": ""Read the minutes of the Joint Management Board meeting from 17 June 2011 [31Kb]""}]",Joint Management Board minutes - 17 June 2011,,http://www.scotlandoffice.gov.uk/scotlandoffice/10797.135.html,Reports and accounts,04-Apr-2012
Scotland Office,"[{""link"": ""http://www.scotlandoffice.gov.uk/scotlandoffice/files/Minutes - 26 Nov 2010 - Internet.pdf"", ""title"": ""Read the minutes of the Joint Management Board meeting from 26 November 2010 [36Kb]""}]",Joint Management Board minutes - 26 November 2010,,http://www.scotlandoffice.gov.uk/scotlandoffice/10797.135.html,Reports and accounts,04-Apr-2012
Scotland Office,"[{""link"": ""http://www.scotlandoffice.gov.uk/scotlandoffice/files/Minutes - 3 March 2011- Internet.pdf"", ""title"": ""Read the minutes of the Joint Management Board from 3 March 2011 [37Kb]""}]",Joint Management Board minutes - 3 March 2011,,http://www.scotlandoffice.gov.uk/scotlandoffice/10797.135.html,Reports and accounts,04-Apr-2012
Scotland Office,"[{""link"": ""http://www.scotlandoffice.gov.uk/scotlandoffice/files/Final JMB Minutes for Internet - 04 November 2011.pdf"", ""title"": ""Read the minutes of the Joint Management Board meeting from 4 November 2011 [31Kb]""}]",Joint Management Board minutes - 4 November 2011,,http://www.scotlandoffice.gov.uk/scotlandoffice/10797.135.html,Reports and accounts,04-Apr-2012
Scotland Office,"[{""link"": ""http://www.scotlandoffice.gov.uk/scotlandoffice/files/SO Annual Report 2011.pdf"", ""title"": ""SO Annual Report 2011.pdf""}]",Annual Report of the Scotland Office and the Office for the Advocate General 2011,,http://www.scotlandoffice.gov.uk/scotlandoffice/10797.135.html,Reports and accounts,30-Jun-2011
Scotland Office,"[{""link"": ""http://www.scotlandoffice.gov.uk/scotlandoffice/files/SO Survey 2010.pdf"", ""title"": ""Scotland Office staff survey autumn 2010""}]",Scotland Office Staff Survey Results 2010,,http://www.scotlandoffice.gov.uk/scotlandoffice/10797.135.html,Reports and accounts,24-Jan-2011
Scotland Office,"[{""link"": ""http://www.scotlandoffice.gov.uk/scotlandoffice/files/Annual Report tables 2010.pdf"", ""title"": ""Annual Report tables 2010 for the Scotland Office and the Office of the Advocate General""}]",Annual Report tables 2010 for the Scotland Office and the Office of the Advocate General,,http://www.scotlandoffice.gov.uk/scotlandoffice/10797.135.html,Reports and accounts,10-Aug-2010
Scotland Office,"[{""link"": ""http://www.scotlandoffice.gov.uk/scotlandoffice/files/JMB Minutes - 18-05-10.pdf"", ""title"": ""Read the minutes of the Joint management Board meeting from 18 May 2010 [PDF 192KB]""}]",Joint Management Board minutes - 18 May 2010,,http://www.scotlandoffice.gov.uk/scotlandoffice/10797.135.html,Reports and accounts,14-Jul-2010
Scotland Office,"[{""link"": ""http://www.scotlandoffice.gov.uk/scotlandoffice/files/JMB_100310_Meeting_Minutes.pdf"", ""title"": ""Read the minutes of the Joint Management Board meeting from 10 March 2010 [PDF 44Kb]""}]",Joint Management Board Minutes - March 2010,,http://www.scotlandoffice.gov.uk/scotlandoffice/10797.135.html,Reports and accounts,17-May-2010
Scotland Office,"[{""link"": ""http://www.scotlandoffice.gov.uk/scotlandoffice/files/ScotlandOfficeMeetingsWithOutsideInterestGroupsOct-Dec09.doc"", ""title"": ""Meetings with outside interests groups - Oct-Dec 09""}]",Meetings with outside interests groups - Oct-Dec 09,,http://www.scotlandoffice.gov.uk/scotlandoffice/10797.135.html,Reports and accounts,29-Mar-2010
Scotland Office,"[{""link"": ""http://www.scotlandoffice.gov.uk/scotlandoffice/files/Edited version of the minutes from the January 2010 JMB.pdf"", ""title"": ""Read the minutes of the Joint Management Board meeting from 18 January 2010 [PDF 151Kb]""}]",Joint Management Board Minutes - January 2010,,http://www.scotlandoffice.gov.uk/scotlandoffice/10797.135.html,Reports and accounts,11-Feb-2010
Scotland Office,"[{""link"": ""http://www.scotlandoffice.gov.uk/scotlandoffice/files/JMB - Minutes of Meeting 19 November 2009.pdf"", ""title"": ""Read the minutes of the Joint Management Board meeting from 19 November 2009 - (PDF 129Kb)""}]",Joint Management Board Minutes - November 2009,,http://www.scotlandoffice.gov.uk/scotlandoffice/10797.135.html,Reports and accounts,19-Jan-2010
Scotland Office,"[{""link"": ""http://www.scotlandoffice.gov.uk/scotlandoffice/files/JMB 090917 - Minutes of Meeting.pdf"", ""title"": ""Read the minutes of the Joint Management Board meeting from 17 September 2009""}]",Joint Management Board Minutes - September 2009, ,http://www.scotlandoffice.gov.uk/scotlandoffice/10797.135.html,Reports and accounts,19-Jan-2010
Scotland Office,"[{""link"": ""http://www.scotlandoffice.gov.uk/scotlandoffice/files/JMB 19052009 - MINUTES - FINAL - RedactedV2.pdf"", ""title"": ""Read the minutes of the Joint Management Board meeting from 19 May 2009""}]",Joint Management Board Minutes - 19 May 2009,,http://www.scotlandoffice.gov.uk/scotlandoffice/10797.135.html,Reports and accounts,08-Jul-2009
Scotland Office,"[{""link"": ""http://www.scotlandoffice.gov.uk/scotlandoffice/files/JMB 090121- Minutes of Meeting.pdf"", ""title"": ""Read the minutes of the Joint Management Board meeting from 21 January 2009""}]",Joint Management Board Minutes - January 2009,,http://www.scotlandoffice.gov.uk/scotlandoffice/10797.135.html,Reports and accounts,07-Jul-2009
Scotland Office,"[{""link"": ""http://www.scotlandoffice.gov.uk/scotlandoffice/files/SO 2009.pdf"", ""title"": ""Scotland Office Annual Report 2009 (PDF 813kb)""}, {""link"": ""http://www.scotlandoffice.gov.uk/scotlandoffice/files/SO 2009 ERRATUM 3.pdf"", ""title"": ""Scotland Office Annual Report 2009 (PDF 813kb)""}, {""link"": ""http://www.scotlandoffice.gov.uk/scotlandoffice/files/The Scottish Budget since Devolution.pdf"", ""title"": ""Scotland Office Annual Report 2009 (PDF 813kb)""}, {""link"": ""http://www.scotlandoffice.gov.uk/scotlandoffice/files/SO Web Paper - March 2010 - Prior to Budget 2010-FINALpdf.pdf"", ""title"": ""Scotland Office Annual Report 2009 (PDF 813kb)""}]",Annual Report of the Scotland Office and the Office of the Advocate General for Scotland 2009,Open: ,http://www.scotlandoffice.gov.uk/scotlandoffice/10797.135.html,Reports and accounts,12-Jun-2009
Scotland Office,"[{""link"": ""http://www.scotlandoffice.gov.uk/scotlandoffice/files/SO REPORT 2008.pdf"", ""title"": ""SO REPORT 2008.pdf [ PDF file, 825.66 Kb ]""}]",Annual Report of the Scotland Office and the Office of the Advocate General for Scotland 2008,Open: ,http://www.scotlandoffice.gov.uk/scotlandoffice/10797.135.html,Reports and accounts,15-May-2008
Scotland Office,"[{""link"": ""http://www.scotlandoffice.gov.uk/scotlandoffice/files/Scotland Office Resource Accounts 1999-2000.pdf"", ""title"": ""Scotland Office Resource Accounts 1999-2000.pdf [ PDF file, 2.55 Mb ]""}]",Scotland Office Resource Accounts 1999-2000,Open: ,http://www.scotlandoffice.gov.uk/scotlandoffice/10797.135.html,Reports and accounts,12-Oct-2007
Scotland Office,"[{""link"": ""http://www.scotlandoffice.gov.uk/scotlandoffice/files/dca-resource-accounts-2006-7.pdf"", ""title"": ""dca-resource-accounts-2006-7.pdf [ PDF file, 409.32 Kb ]""}]",DCA Resource Accounts 2006-07,Open: ,http://www.scotlandoffice.gov.uk/scotlandoffice/10797.135.html,Reports and accounts,27-Sep-2007
Scotland Office,"[{""link"": ""http://www.scotlandoffice.gov.uk/scotlandoffice/files/resource-accts-0506b.pdf"", ""title"": ""resource-accts-0506b.pdf [ PDF file, 498.48 Kb ]""}]",DCA Resource Accounts 2005-06 (2 of 2),Open: ,http://www.scotlandoffice.gov.uk/scotlandoffice/10797.135.html,Reports and accounts,26-Sep-2007
Scotland Office,"[{""link"": ""http://www.scotlandoffice.gov.uk/scotlandoffice/files/resource-accts-0506a.pdf"", ""title"": ""resource-accts-0506a.pdf [ PDF file, 516.15 Kb ]""}]",DCA Resource Accounts 2005-06 (1 of 2),Open: ,http://www.scotlandoffice.gov.uk/scotlandoffice/10797.135.html,Reports and accounts,26-Sep-2007
Scotland Office,"[{""link"": ""http://www.scotlandoffice.gov.uk/scotlandoffice/files/SO REPORT 2007.pdf"", ""title"": ""SO REPORT 2007.pdf [ PDF file, 517.77 Kb ]""}]",Annual Report of Scotland Office and Office of the Advocate General 2007,Open: ,http://www.scotlandoffice.gov.uk/scotlandoffice/10797.135.html,Reports and accounts,11-May-2007
Scotland Office,"[{""link"": ""http://www.scotlandoffice.gov.uk/scotlandoffice/files/SO-REPORT-2006.pdf"", ""title"": ""SO-REPORT-2006.pdf [ PDF file, 821.80 Kb ]""}]",Annual Report of the Scotland Office and Office of the Advocate General for Scotland 2006,Open: ,http://www.scotlandoffice.gov.uk/scotlandoffice/10797.135.html,Reports and accounts,24-May-2006
Scotland Office,"[{""link"": ""http://www.scotlandoffice.gov.uk/scotlandoffice/files/resource-accts-0405.pdf"", ""title"": ""resource-accts-0405.pdf [ PDF file, 314.05 Kb ]""}]",DCA Resource Accounts 2004-05,Open: ,http://www.scotlandoffice.gov.uk/scotlandoffice/10797.135.html,Reports and accounts,21-Mar-2006
Scotland Office,"[{""link"": ""http://www.scotlandoffice.gov.uk/scotlandoffice/files/resource-accts-0304.pdf"", ""title"": ""resource-accts-0304.pdf [ PDF file, 322.38 Kb ]""}]",DCA Resource Accounts 2003-04,Open: ,http://www.scotlandoffice.gov.uk/scotlandoffice/10797.135.html,Reports and accounts,21-Mar-2006
Scotland Office,"[{""link"": ""http://www.scotlandoffice.gov.uk/scotlandoffice/files/SO-REPORT-2005.pdf"", ""title"": ""SO-REPORT-2005.pdf [ PDF file, 301.84 Kb ]""}]",Annual Report of the Scotland Office and Office of the Advocate General for Scotland 2005,Open: ,http://www.scotlandoffice.gov.uk/scotlandoffice/10797.135.html,Reports and accounts,22-Jun-2005
Scotland Office,"[{""link"": ""http://www.scotlandoffice.gov.uk/scotlandoffice/files/resource03-04.doc"", ""title"": ""resource03-04.doc [ DOC file, 215.00 Kb ]""}]",Scotland Office Resource Accounts 2003-04,Open: ,http://www.scotlandoffice.gov.uk/scotlandoffice/10797.135.html,Reports and accounts,23-Mar-2005
Scotland Office,"[{""link"": ""http://www.scotlandoffice.gov.uk/scotlandoffice/files/Resource02-03.doc"", ""title"": ""Resource02-03.doc [ DOC file, 717.50 Kb ]""}]",Scotland Office Resource Accounts 2002-03,Open: ,http://www.scotlandoffice.gov.uk/scotlandoffice/10797.135.html,Reports and accounts,23-Mar-2005
Scotland Office,"[{""link"": ""http://www.scotlandoffice.gov.uk/scotlandoffice/files/resource00-01.doc"", ""title"": ""resource00-01.doc [ DOC file, 555.50 Kb ]""}]",Scotland Office Resource Accounts 2000-01,Open: ,http://www.scotlandoffice.gov.uk/scotlandoffice/10797.135.html,Reports and accounts,23-Mar-2005
Scotland Office,"[{""link"": ""http://www.scotlandoffice.gov.uk/scotlandoffice/10206.html"", ""title"": ""Read""}]",Annual Report of the Scotland Office and Office of the Advocate General for Scotland 2004,,http://www.scotlandoffice.gov.uk/scotlandoffice/10797.135.html,Reports and accounts,07-May-2004
Scotland Office,"[{""link"": ""http://www.scotlandoffice.gov.uk/scotlandoffice/10207.html"", ""title"": ""Read""}]",Scotland Office Departmental Report 2003,,http://www.scotlandoffice.gov.uk/scotlandoffice/10797.135.html,Reports and accounts,16-May-2003
Scotland Office,"[{""link"": ""http://www.scotlandoffice.gov.uk/scotlandoffice/10208.html"", ""title"": ""Read""}]",Scotland Office Resource Accounts 2001-02,,http://www.scotlandoffice.gov.uk/scotlandoffice/10797.135.html,Reports and accounts,17-Dec-2002
Scotland Office,"[{""link"": ""http://www.scotlandoffice.gov.uk/scotlandoffice/10209.html"", ""title"": ""Read""}]",Scotland Office Departmental Report 2002,,http://www.scotlandoffice.gov.uk/scotlandoffice/10797.135.html,Reports and accounts,18-Jun-2002
Scotland Office,"[{""link"": ""http://www.scotlandoffice.gov.uk/scotlandoffice/10210.html"", ""title"": ""Read""}]",Scotland Office Departmental Report 2001,,http://www.scotlandoffice.gov.uk/scotlandoffice/10797.135.html,Reports and accounts,01-May-2001
Scotland Office,"[{""link"": ""http://www.scotlandoffice.gov.uk/scotlandoffice/10211.html"", ""title"": ""Read""}]",Scotland Office Departmental Report 2000,,http://www.scotlandoffice.gov.uk/scotlandoffice/10797.135.html,Reports and accounts,26-Jun-2000
Scotland Office,"[{""link"": ""http://www.scotlandoffice.gov.uk/scotlandoffice/files/Version for website 369.pdf"", ""title"": ""Staff employed in ICT and IT ""}]",Staff employed in ICT and IT,,http://www.scotlandoffice.gov.uk/scotlandoffice/16668.141.html?tID=16669&mon=jan,Latest releases,30-Jan-2012
Scotland Office,"[{""link"": ""http://www.scotlandoffice.gov.uk/scotlandoffice/files/Version for website 365.pdf"", ""title"": ""Staff Earnings ""}]",Staff Earnings,,http://www.scotlandoffice.gov.uk/scotlandoffice/16668.141.html?tID=16669&mon=jan,Latest releases,30-Jan-2012
Scotland Office,"[{""link"": ""http://www.scotlandoffice.gov.uk/scotlandoffice/files/Version for website 364.pdf"", ""title"": ""Legal Expenditure ""}]",Legal Expenditure,,http://www.scotlandoffice.gov.uk/scotlandoffice/16668.141.html?tID=16669&mon=jan,Latest releases,30-Jan-2012
Scotland Office,"[{""link"": ""http://www.scotlandoffice.gov.uk/scotlandoffice/files/Version for website 363.pdf"", ""title"": ""Ministerial meetings with Scottish MPs ""}]",Ministerial meetings with Scottish MPs,,http://www.scotlandoffice.gov.uk/scotlandoffice/16668.141.html?tID=16669&mon=jan,Latest releases,26-Jan-2012
Scotland Office,"[{""link"": ""http://www.scotlandoffice.gov.uk/scotlandoffice/files/Version for website 361.pdf"", ""title"": ""Ministerial International Trips ""}]",Ministerial International Trips,,http://www.scotlandoffice.gov.uk/scotlandoffice/16668.141.html?tID=16669&mon=jan,Latest releases,24-Jan-2012
Scotland Office,"[{""link"": ""http://www.scotlandoffice.gov.uk/scotlandoffice/files/Version for website 358.pdf"", ""title"": ""Ministerial briefings for preferences and speeches 178KB""}]",Ministerial preferences and briefings,,http://www.scotlandoffice.gov.uk/scotlandoffice/16668.141.html?tID=16669&mon=jan,Latest releases,12-Jan-2012
Scotland Office,"[{""link"": ""http://www.scotlandoffice.gov.uk/scotlandoffice/files/Version for website 357.pdf"", ""title"": ""Staff employed by contract and grade ""}]",Staff employed by contract and grade,,http://www.scotlandoffice.gov.uk/scotlandoffice/16668.141.html?tID=16669&mon=jan,Latest releases,09-Jan-2012
Scotland Office,"[{""link"": ""http://www.scotlandoffice.gov.uk/scotlandoffice/files/Version for website 394.pdf"", ""title"": ""Staff claims for wear and tear in clothes ""}]",Staff claims for wear and tear in clothes,,http://www.scotlandoffice.gov.uk/scotlandoffice/16668.141.html?tID=16670&mon=feb,Latest releases,29-Feb-2012
Scotland Office,"[{""link"": ""http://www.scotlandoffice.gov.uk/scotlandoffice/files/Version for website 372.pdf"", ""title"": ""Ministerial visits between the election of the coalition and December 2011 ""}]",Ministerial visits between the election of the coalition and December 2011,,http://www.scotlandoffice.gov.uk/scotlandoffice/16668.141.html?tID=16670&mon=feb,Latest releases,24-Feb-2012
Scotland Office,"[{""link"": ""http://www.scotlandoffice.gov.uk/scotlandoffice/files/Version for website 374.pdf"", ""title"": ""Cost and number of calls made to the Speaking Clock ""}]",Cost and number of calls made to the Speaking Clock,,http://www.scotlandoffice.gov.uk/scotlandoffice/16668.141.html?tID=16670&mon=feb,Latest releases,08-Feb-2012
Scotland Office,"[{""link"": ""http://www.scotlandoffice.gov.uk/scotlandoffice/files/Version for website 384.pdf"", ""title"": ""Staff paid through tax efficient arrangements ""}]",Staff paid through tax efficient arrangements,,http://www.scotlandoffice.gov.uk/scotlandoffice/16668.141.html?tID=16670&mon=feb,Latest releases,08-Feb-2012
Scotland Office,"[{""link"": ""http://www.scotlandoffice.gov.uk/scotlandoffice/files/Version for webiste 376.pdf"", ""title"": ""Details of procurement lead ""}]",Details of procurement lead,,http://www.scotlandoffice.gov.uk/scotlandoffice/16668.141.html?tID=16670&mon=feb,Latest releases,08-Feb-2012
Scotland Office,"[{""link"": ""http://www.scotlandoffice.gov.uk/scotlandoffice/files/Version for website 377.pdf"", ""title"": ""The Scotland Office SIRO - Senior Information Risk Owner ""}]",The Scotland Office SIRO - Senior Information Risk Owner,,http://www.scotlandoffice.gov.uk/scotlandoffice/16668.141.html?tID=16670&mon=feb,Latest releases,08-Feb-2012
Scotland Office,"[{""link"": ""http://www.scotlandoffice.gov.uk/scotlandoffice/files/Version 2 for website 378.pdf"", ""title"": ""Civil servants serving as local councillors ""}]",Civil servants serving as local councillors,,http://www.scotlandoffice.gov.uk/scotlandoffice/16668.141.html?tID=16670&mon=feb,Latest releases,07-Feb-2012
Scotland Office,"[{""link"": ""http://www.scotlandoffice.gov.uk/scotlandoffice/files/Version for website 383.pdf"", ""title"": ""Business rates for vacant property and accommodation ""}]",Business rates for vacant property and accommodation,,http://www.scotlandoffice.gov.uk/scotlandoffice/16668.141.html?tID=16670&mon=feb,Latest releases,07-Feb-2012
Scotland Office,"[{""link"": ""http://www.scotlandoffice.gov.uk/scotlandoffice/files/Version for website 379.pdf"", ""title"": ""Breakdown of hardware maintenance ""}]",Breakdown of hardware maintenance,,http://www.scotlandoffice.gov.uk/scotlandoffice/16668.141.html?tID=16670&mon=feb,Latest releases,07-Feb-2012
Scotland Office,"[{""link"": ""http://www.scotlandoffice.gov.uk/scotlandoffice/files/Version for website 382.pdf"", ""title"": ""Staff details on current secondees ""}]",Staff details on current secondees,,http://www.scotlandoffice.gov.uk/scotlandoffice/16668.141.html?tID=16670&mon=feb,Latest releases,07-Feb-2012
Scotland Office,"[{""link"": ""http://www.scotlandoffice.gov.uk/scotlandoffice/files/Version for website 399.pdf"", ""title"": ""Headcount reduction ""}]",Headcount reduction,,http://www.scotlandoffice.gov.uk/scotlandoffice/16668.141.html?tID=16671&mon=mar,Latest releases,27-Mar-2012
Scotland Office,"[{""link"": ""http://www.scotlandoffice.gov.uk/scotlandoffice/files/Version for website 405.pdf"", ""title"": ""Criminal record bureau checks ""}]",Criminal Record bureau checks,,http://www.scotlandoffice.gov.uk/scotlandoffice/16668.141.html?tID=16671&mon=mar,Latest releases,27-Mar-2012
Scotland Office,"[{""link"": ""http://www.scotlandoffice.gov.uk/scotlandoffice/files/Version for website 402.pdf"", ""title"": ""Mobile phone and PBX/VOIB maintenance contracts ""}]",Mobile phone and PBX/VOIB maintenance contracts,,http://www.scotlandoffice.gov.uk/scotlandoffice/16668.141.html?tID=16671&mon=mar,Latest releases,27-Mar-2012
Scotland Office,"[{""link"": ""http://www.scotlandoffice.gov.uk/scotlandoffice/files/Version for website 398.pdf"", ""title"": ""Public Sector strike on 30 November 2011 ""}]",Public Sector Strike on 30 November 2011,,http://www.scotlandoffice.gov.uk/scotlandoffice/16668.141.html?tID=16671&mon=mar,Latest releases,27-Mar-2012
Scotland Office,"[{""link"": ""http://www.scotlandoffice.gov.uk/scotlandoffice/files/Version for website 396.pdf"", ""title"": ""Information management and filing systems ""}]",Information management and filing systems,,http://www.scotlandoffice.gov.uk/scotlandoffice/16668.141.html?tID=16671&mon=mar,Latest releases,26-Mar-2012
Scotland Office,"[{""link"": ""http://www.scotlandoffice.gov.uk/scotlandoffice/files/Version for website 393.pdf"", ""title"": ""Ministerial Travel on European Union business ""}]",Ministerial Travel on European Business,,http://www.scotlandoffice.gov.uk/scotlandoffice/16668.141.html?tID=16671&mon=mar,Latest releases,19-Mar-2012
Scotland Office,"[{""link"": ""http://www.scotlandoffice.gov.uk/scotlandoffice/files/Version for website 390.pdf"", ""title"": ""Publications for staff ""}]",Publications for staff,,http://www.scotlandoffice.gov.uk/scotlandoffice/16668.141.html?tID=16671&mon=mar,Latest releases,16-Mar-2012
Scotland Office,"[{""link"": ""http://www.scotlandoffice.gov.uk/scotlandoffice/files/Version for website 395.pdf"", ""title"": ""Ministerial Directions ""}]",Ministerial Directions,,http://www.scotlandoffice.gov.uk/scotlandoffice/16668.141.html?tID=16671&mon=mar,Latest releases,08-Mar-2012
Scotland Office,"[{""link"": ""http://www.scotlandoffice.gov.uk/scotlandoffice/files/Version for website 392.pdf"", ""title"": ""Staff signing off due to stress,bullying or harassment ""}]","Staff signing off due to stress, bullying or harassment",,http://www.scotlandoffice.gov.uk/scotlandoffice/16668.141.html?tID=16671&mon=mar,Latest releases,05-Mar-2012
Scotland Office,"[{""link"": ""http://www.scotlandoffice.gov.uk/scotlandoffice/files/Version for website 389.pdf"", ""title"": ""Recruitment Contracts ""}]",Recruitment Contracts,,http://www.scotlandoffice.gov.uk/scotlandoffice/16668.141.html?tID=16671&mon=mar,Latest releases,05-Mar-2012
Scotland Office,"[{""link"": ""http://www.scotlandoffice.gov.uk/scotlandoffice/files/Version for website 385.pdf"", ""title"": ""Expenditure on external consultants ""}]",Expenditure on external consultants,,http://www.scotlandoffice.gov.uk/scotlandoffice/16668.141.html?tID=16671&mon=mar,Latest releases,05-Mar-2012
Scotland Office,"[{""link"": ""http://www.scotlandoffice.gov.uk/scotlandoffice/files/Version for website 386.pdf"", ""title"": ""Spending on Government Procurement cards by Permanent Secretaries ""}]",Spending on Government Procurement cards by Permanent Secretaries,,http://www.scotlandoffice.gov.uk/scotlandoffice/16668.141.html?tID=16671&mon=mar,Latest releases,05-Mar-2012
Scotland Office,"[{""link"": ""http://www.scotlandoffice.gov.uk/scotlandoffice/files/Version for website - DB 420.pdf"", ""title"": ""Media monitoring services to the Scotland Office (122KB)""}]",Media monitoring services to the Scotland Office,,http://www.scotlandoffice.gov.uk/scotlandoffice/16668.141.html?tID=16672&mon=apr,Latest releases,30-Apr-2012
Scotland Office,"[{""link"": ""http://www.scotlandoffice.gov.uk/scotlandoffice/files/Version for website - DB419.pdf"", ""title"": ""Number of media Press Officers (121KB)""}]",Number of media Press Officers,,http://www.scotlandoffice.gov.uk/scotlandoffice/16668.141.html?tID=16672&mon=apr,Latest releases,30-Apr-2012
Scotland Office,"[{""link"": ""http://www.scotlandoffice.gov.uk/scotlandoffice/files/Version for website - DB 425.pdf"", ""title"": ""Number of Subject Access requests (92KB)""}]",Number of Subject Access requests,,http://www.scotlandoffice.gov.uk/scotlandoffice/16668.141.html?tID=16672&mon=apr,Latest releases,26-Apr-2012
Scotland Office,"[{""link"": ""http://www.scotlandoffice.gov.uk/scotlandoffice/files/Version for website - DB 408.pdf"", ""title"": ""Ministerial Meetings (55KB)""}]",Ministerial Meetings,,http://www.scotlandoffice.gov.uk/scotlandoffice/16668.141.html?tID=16672&mon=apr,Latest releases,25-Apr-2012
Scotland Office,"[{""link"": ""http://www.scotlandoffice.gov.uk/scotlandoffice/files/Version for website - DB 407.pdf"", ""title"": ""Ministerial visits between May 2010 & December 2011 (156KB)""}]",Ministerial visits between May 2010 & December 2011,,http://www.scotlandoffice.gov.uk/scotlandoffice/16668.141.html?tID=16672&mon=apr,Latest releases,23-Apr-2012
Scotland Office,"[{""link"": ""http://www.scotlandoffice.gov.uk/scotlandoffice/files/Version for website - DB 406.pdf"", ""title"": ""Use of official government car (101KB)""}]",Use of official government car,,http://www.scotlandoffice.gov.uk/scotlandoffice/16668.141.html?tID=16672&mon=apr,Latest releases,19-Apr-2012
Scotland Office,"[{""link"": ""http://www.scotlandoffice.gov.uk/scotlandoffice/files/Version for website 2 - DB 413.pdf"", ""title"": ""Spending on equalities & diversity schemes (135KB)""}]",Spending on equalities & diversity schemes,,http://www.scotlandoffice.gov.uk/scotlandoffice/16668.141.html?tID=16672&mon=apr,Latest releases,13-Apr-2012
Scotland Office,"[{""link"": ""http://www.scotlandoffice.gov.uk/scotlandoffice/files/Version for website - DB 404.pdf"", ""title"": ""Procedure for cases - copies produced in the Scotland Office (130KB)""}]",Procedure for cases - copies produced in the Scotland Office,,http://www.scotlandoffice.gov.uk/scotlandoffice/16668.141.html?tID=16672&mon=apr,Latest releases,10-Apr-2012
Scotland Office,"[{""link"": ""http://www.scotlandoffice.gov.uk/scotlandoffice/files/Version for website - DB401.pdf"", ""title"": ""Courses & Conferences attended by Scotland Office staff (148KB)""}]",Courses & Conferences attended by Scotland Office staff,,http://www.scotlandoffice.gov.uk/scotlandoffice/16668.141.html?tID=16672&mon=apr,Latest releases,04-Apr-2012
Scotland Office,"[{""link"": ""http://www.scotlandoffice.gov.uk/scotlandoffice/files/Version for website - DB400.pdf"", ""title"": ""Media Training and Vocal coaching for Ministers (60KB)""}]",Media Training & Vocal coaching for Ministers,,http://www.scotlandoffice.gov.uk/scotlandoffice/16668.141.html?tID=16672&mon=apr,Latest releases,04-Apr-2012
Scotland Office,"[{""link"": ""http://www.scotlandoffice.gov.uk/scotlandoffice/files/Version for website DB 429.pdf"", ""title"": ""Scotland Bill Reception (70KB)""}]",Scotland Bill Reception,,http://www.scotlandoffice.gov.uk/scotlandoffice/16668.141.html?tID=16673&mon=may,Latest releases,31-May-2012
Scotland Office,"[{""link"": ""http://www.scotlandoffice.gov.uk/scotlandoffice/files/Version for website DB 426.pdf"", ""title"": ""Block grant to the Scottish Parliament (63KB)""}]",Block grant to the Scottish Parliament,,http://www.scotlandoffice.gov.uk/scotlandoffice/16668.141.html?tID=16673&mon=may,Latest releases,25-May-2012
Scotland Office,"[{""link"": ""http://www.scotlandoffice.gov.uk/scotlandoffice/files/Version for website DB 409.pdf"", ""title"": ""Scotland's position in Europe (283KB)""}]",Scotland's position in Europe,,http://www.scotlandoffice.gov.uk/scotlandoffice/16668.141.html?tID=16673&mon=may,Latest releases,25-May-2012
Scotland Office,"[{""link"": ""http://www.scotlandoffice.gov.uk/scotlandoffice/files/Version for website DB 423.pdf"", ""title"": ""Internet domain names owned by the Scotland Office (68KB)""}]",Internet domain names owned by the Scotland Office,,http://www.scotlandoffice.gov.uk/scotlandoffice/16668.141.html?tID=16673&mon=may,Latest releases,14-May-2012
Scotland Office,"[{""link"": ""http://www.scotlandoffice.gov.uk/scotlandoffice/files/Version for website DB 416.pdf"", ""title"": ""Publication of results on the referendum consultation (78KB)""}]",Publication of results on the referendum consultation,,http://www.scotlandoffice.gov.uk/scotlandoffice/16668.141.html?tID=16673&mon=may,Latest releases,02-May-2012
Scotland Office,"[{""link"": ""http://www.scotlandoffice.gov.uk/scotlandoffice/files/Version for website DB 415.pdf"", ""title"": ""Individuals contribution to the Consultation (64KB)""}]",Individuals contribution to the consultation,,http://www.scotlandoffice.gov.uk/scotlandoffice/16668.141.html?tID=16673&mon=may,Latest releases,02-May-2012
Scotland Office,"[{""link"": ""http://www.scotlandoffice.gov.uk/scotlandoffice/files/Version for website DB 414.pdf"", ""title"": ""Consultation Results (65KB)""}]",Consultation Results,,http://www.scotlandoffice.gov.uk/scotlandoffice/16668.141.html?tID=16673&mon=may,Latest releases,02-May-2012
Scotland Office,"[{""link"": ""http://www.scotlandoffice.gov.uk/scotlandoffice/files/Version for website DB 431.pdf"", ""title"": ""Scotland Offices within the UK (94KB)""}]",Scotland Offices within the UK,,http://www.scotlandoffice.gov.uk/scotlandoffice/16668.141.html?tID=16674&mon=jun,Latest releases,28-Jun-2012
Scotland Office,"[{""link"": ""http://www.scotlandoffice.gov.uk/scotlandoffice/files/Version for website DB 436.pdf"", ""title"": ""Estates in the Scotland Office (70KB)""}]",Estates in the Scotland Office,,http://www.scotlandoffice.gov.uk/scotlandoffice/16668.141.html?tID=16674&mon=jun,Latest releases,19-Jun-2012
Scotland Office,"[{""link"": ""http://www.scotlandoffice.gov.uk/scotlandoffice/files/Version for website DB 432.pdf"", ""title"": ""Civil Servants in the Scotland Office (66KB)""}]",Civil Servants in the Scotland Office,,http://www.scotlandoffice.gov.uk/scotlandoffice/16668.141.html?tID=16674&mon=jun,Latest releases,18-Jun-2012
Scotland Office,"[{""link"": ""http://www.scotlandoffice.gov.uk/scotlandoffice/files/Version for Website DB 428.pdf"", ""title"": ""Uk Civil Servants seconded to European Union Institutions (76KB)""}]",UK Civil Servants seconded to European Union Institutions,,http://www.scotlandoffice.gov.uk/scotlandoffice/16668.141.html?tID=16674&mon=jun,Latest releases,06-Jun-2012
Scotland Office,"[{""link"": ""http://www.scotlandoffice.gov.uk/scotlandoffice/files/Version for website DB 433.pdf"", ""title"": ""MORI Research (221KB)""}]",MORI Research,,http://www.scotlandoffice.gov.uk/scotlandoffice/16668.141.html?tID=16674&mon=jun,Latest releases,01-Jun-2012
Scotland Office,"[{""link"": ""http://www.scotlandoffice.gov.uk/scotlandoffice/files/Version for website DB 438.pdf"", ""title"": ""Meetings with Alistair Darling (55KB)""}]",Meetings with Alistair Darling,,http://www.scotlandoffice.gov.uk/scotlandoffice/16668.141.html?tID=16677&mon=jul,Latest releases,17-Jul-2012
Scotland Office,"[{""link"": ""http://www.scotlandoffice.gov.uk/scotlandoffice/files/Version for website DB 437.pdf"", ""title"": ""Expenditure on artwork or sculpture (58KB)""}]",Expenditure on artwork or sculpture,,http://www.scotlandoffice.gov.uk/scotlandoffice/16668.141.html?tID=16677&mon=jul,Latest releases,12-Jul-2012
Scotland Office,"[{""link"": ""http://www.scotlandoffice.gov.uk/scotlandoffice/files/Version for website FOI 424.pdf"", ""title"": ""Ministerial visit to the USA and Canada (72KB)""}]",Ministerial visit to the USA and Canada,,http://www.scotlandoffice.gov.uk/scotlandoffice/16668.141.html?tID=16677&mon=jul,Latest releases,02-Jul-2012
Scotland Office,"[{""link"": ""http://www.scotlandoffice.gov.uk/scotlandoffice/files/Version for Website - DB 443.pdf"", ""title"": ""Press & Communications Expenditure (80KB)""}]",Press & Communications Expenditure,,http://www.scotlandoffice.gov.uk/scotlandoffice/16668.141.html?tID=16676&mon=aug,Latest releases,23-Aug-2012
Scotland Office,"[{""link"": ""http://www.scotlandoffice.gov.uk/scotlandoffice/files/Version for Website - DB447.pdf"", ""title"": ""Judicial Reviews (63KB)""}]",Judicial Reviews,,http://www.scotlandoffice.gov.uk/scotlandoffice/16668.141.html?tID=16676&mon=aug,Latest releases,13-Aug-2012
Scotland Office,"[{""link"": ""http://www.scotlandoffice.gov.uk/scotlandoffice/files/Version for Website - DB445.pdf"", ""title"": ""Trade Union duties (102KB)""}]",Trade Union duties,,http://www.scotlandoffice.gov.uk/scotlandoffice/16668.141.html?tID=16676&mon=aug,Latest releases,09-Aug-2012
Scotland Office,"[{""link"": ""http://www.scotlandoffice.gov.uk/scotlandoffice/files/Version for website DB 457.pdf"", ""title"": ""Ministerial Meetings 2011-2012 (58KB)""}]",Ministerial Meetings 2011-2012,,http://www.scotlandoffice.gov.uk/scotlandoffice/16668.141.html?tID=16678&mon=sep,Latest releases,27-Sep-2012
Scotland Office,"[{""link"": ""http://www.scotlandoffice.gov.uk/scotlandoffice/files/Version for website DB 456.pdf"", ""title"": ""Expenditure of Apple hardware (29KB)""}]",Expenditure of Apple hardware,,http://www.scotlandoffice.gov.uk/scotlandoffice/16668.141.html?tID=16678&mon=sep,Latest releases,18-Sep-2012
Scotland Office,"[{""link"": ""http://www.scotlandoffice.gov.uk/scotlandoffice/files/Version for website DB 458.pdf"", ""title"": ""Government Departments moved from England to Scotland (59KB)""}]",Government Departments moved from England to Scotland,,http://www.scotlandoffice.gov.uk/scotlandoffice/16668.141.html?tID=16678&mon=sep,Latest releases,14-Sep-2012
Scotland Office,"[{""link"": ""http://www.scotlandoffice.gov.uk/scotlandoffice/files/Version for website DB 460.pdf"", ""title"": ""Departments of government moved from Wales to Scotland ""}]",Departments of Government moved from Wales to Scotland,,http://www.scotlandoffice.gov.uk/scotlandoffice/16668.141.html?tID=16678&mon=sep,Latest releases,14-Sep-2012
Scotland Office,"[{""link"": ""http://www.scotlandoffice.gov.uk/scotlandoffice/files/Version for website DB 454.pdf"", ""title"": ""Awarded contracts ( 80 KB )""}]",Awarded contracts,,http://www.scotlandoffice.gov.uk/scotlandoffice/16668.141.html?tID=16678&mon=sep,Latest releases,10-Sep-2012
Scotland Office,"[{""link"": ""http://www.scotlandoffice.gov.uk/scotlandoffice/files/Version for website DB 452.pdf"", ""title"": ""Ministerial Meetings 2010-2011 (105KB)""}]",Ministerial Meetings 2010-2011,,http://www.scotlandoffice.gov.uk/scotlandoffice/16668.141.html?tID=16678&mon=sep,Latest releases,06-Sep-2012
Scotland Office,"[{""link"": ""http://www.scotlandoffice.gov.uk/scotlandoffice/files/Version for website DB 449.pdf"", ""title"": ""Ministerial Meetings 2011 (53KB)""}]",Ministerial Meetings 2011,,http://www.scotlandoffice.gov.uk/scotlandoffice/16668.141.html?tID=16678&mon=sep,Latest releases,06-Sep-2012
Scotland Office,"[{""link"": ""http://www.scotlandoffice.gov.uk/scotlandoffice/files/Version for website DB 448.pdf"", ""title"": ""Bonuses paid by the Scotland Office 22KB""}]",Bonuses paid by the Scotland Office,,http://www.scotlandoffice.gov.uk/scotlandoffice/16668.141.html?tID=16678&mon=sep,Latest releases,04-Sep-2012
Scotland Office,"[{""link"": ""http://www.scotlandoffice.gov.uk/scotlandoffice/files/Version for website DB 465.pdf"", ""title"": ""Individuals receiving salary from The Scotland Office 67KB""}]",Individuals receiving salary from The Scotland Office,,http://www.scotlandoffice.gov.uk/scotlandoffice/16668.141.html?tID=16679&mon=oct,Latest releases,31-Oct-2012
Scotland Office,"[{""link"": ""http://www.scotlandoffice.gov.uk/scotlandoffice/files/Version 1 for website DB 464.pdf"", ""title"": ""Outside interests by member of the Poverty Advisory Group 67KB""}]",Outside interests by member of the Poverty Advisory Group,,http://www.scotlandoffice.gov.uk/scotlandoffice/16668.141.html?tID=16679&mon=oct,Latest releases,25-Oct-2012
Scotland Office,"[{""link"": ""http://www.scotlandoffice.gov.uk/scotlandoffice/files/Version for website DB 463.pdf"", ""title"": ""Number of flights taken by The Scotland Office 89KB""}]",Number of flights taken by Ministers in The Scotland Office,,http://www.scotlandoffice.gov.uk/scotlandoffice/16668.141.html?tID=16679&mon=oct,Latest releases,17-Oct-2012
Scotland Office,"[{""link"": ""http://www.scotlandoffice.gov.uk/scotlandoffice/files/Version for website DB 467.pdf"", ""title"": ""Contracts with motor manufacturers 54KB""}]",Contracts with motor manufacturers,,http://www.scotlandoffice.gov.uk/scotlandoffice/16668.141.html?tID=16679&mon=oct,Latest releases,16-Oct-2012
Scotland Office,"[{""link"": ""http://www.scotlandoffice.gov.uk/scotlandoffice/files/Version for website DB 461.pdf"", ""title"": ""Lost or stolen items from The Scotland Office in 2011 56KB""}]",Lost or stolen items from The Scotland Office in 2011,,http://www.scotlandoffice.gov.uk/scotlandoffice/16668.141.html?tID=16679&mon=oct,Latest releases,15-Oct-2012
Scotland Office,"[{""link"": ""http://www.scotlandoffice.gov.uk/scotlandoffice/files/Version for website DB 462.pdf"", ""title"": ""Meetings with the Business Ambassador for the Uk Government 92KB""}]",Meetings with the Business Ambassador for the Uk Government,,http://www.scotlandoffice.gov.uk/scotlandoffice/16668.141.html?tID=16679&mon=oct,Latest releases,15-Oct-2012
Scotland Office,"[{""link"": ""http://www.scotlandoffice.gov.uk/scotlandoffice/files/Version for website DB 482.pdf"", ""title"": ""Promotions and Redundancies 98KB""}]",Promotions and Redundancies,,http://www.scotlandoffice.gov.uk/scotlandoffice/16668.141.html?tID=16680&mon=nov,Latest releases,29-Nov-2012
Scotland Office,"[{""link"": ""http://www.scotlandoffice.gov.uk/scotlandoffice/files/Version for website DB 483.pdf"", ""title"": ""Private Health Care Benefits (70KB)""}]",Private Health Care Benefits,,http://www.scotlandoffice.gov.uk/scotlandoffice/16668.141.html?tID=16680&mon=nov,Latest releases,29-Nov-2012
Scotland Office,"[{""link"": ""http://www.scotlandoffice.gov.uk/scotlandoffice/files/Version for website DB 484.pdf"", ""title"": ""Bonuses (66KB)""}]",Bonuses,,http://www.scotlandoffice.gov.uk/scotlandoffice/16668.141.html?tID=16680&mon=nov,Latest releases,29-Nov-2012
Scotland Office,"[{""link"": ""http://www.scotlandoffice.gov.uk/scotlandoffice/files/Version for website DB 480.pdf"", ""title"": ""staff seconded from outside organisations 69kb""}]",Staff seconded from outside organisations,,http://www.scotlandoffice.gov.uk/scotlandoffice/16668.141.html?tID=16680&mon=nov,Latest releases,28-Nov-2012
Scotland Office,"[{""link"": ""http://www.scotlandoffice.gov.uk/scotlandoffice/files/Version for website DB 475.pdf"", ""title"": ""Meetings with UK Business Ambassador 125KB""}]",Meetings with UK Business Ambassador,,http://www.scotlandoffice.gov.uk/scotlandoffice/16668.141.html?tID=16680&mon=nov,Latest releases,22-Nov-2012
Scotland Office,"[{""link"": ""http://www.scotlandoffice.gov.uk/scotlandoffice/files/Version for website DB 478.pdf"", ""title"": ""I.T.Communications Equipment (80KB)""}]",I.T.Communications Equipment,,http://www.scotlandoffice.gov.uk/scotlandoffice/16668.141.html?tID=16680&mon=nov,Latest releases,21-Nov-2012
Scotland Office,"[{""link"": ""http://www.scotlandoffice.gov.uk/scotlandoffice/files/Version for website DB 476.pdf"", ""title"": ""CSSC Sports and Leisure Club (54KB)""}]",CSSC Sports and Leisure Club,,http://www.scotlandoffice.gov.uk/scotlandoffice/16668.141.html?tID=16680&mon=nov,Latest releases,15-Nov-2012
Scotland Office,"[{""link"": ""http://www.scotlandoffice.gov.uk/scotlandoffice/files/ref20.pdf"", ""title"": ""ref20.pdf[575.64 Kb]""}, {""link"": ""http://www.scotlandoffice.gov.uk/scotlandoffice/files/ref1.pdf"", ""title"": ""ref20.pdf[575.64 Kb]""}, {""link"": ""http://www.scotlandoffice.gov.uk/scotlandoffice/files/ref5_1.pdf"", ""title"": ""ref20.pdf[575.64 Kb]""}, {""link"": ""http://www.scotlandoffice.gov.uk/scotlandoffice/files/ref15.pdf"", ""title"": ""ref20.pdf[575.64 Kb]""}, {""link"": ""http://www.scotlandoffice.gov.uk/scotlandoffice/files/ref16.pdf"", ""title"": ""ref20.pdf[575.64 Kb]""}, {""link"": ""http://www.scotlandoffice.gov.uk/scotlandoffice/files/ref17.pdf"", ""title"": ""ref20.pdf[575.64 Kb]""}, {""link"": ""http://www.scotlandoffice.gov.uk/scotlandoffice/files/ref18.pdf"", ""title"": ""ref20.pdf[575.64 Kb]""}, {""link"": ""http://www.scotlandoffice.gov.uk/scotlandoffice/files/ref19.pdf"", ""title"": ""ref20.pdf[575.64 Kb]""}, {""link"": ""http://www.scotlandoffice.gov.uk/scotlandoffice/files/ref21.pdf"", ""title"": ""ref20.pdf[575.64 Kb]""}, {""link"": ""http://www.scotlandoffice.gov.uk/scotlandoffice/files/ref5_2.pdf"", ""title"": ""ref20.pdf[575.64 Kb]""}, {""link"": ""http://www.scotlandoffice.gov.uk/scotlandoffice/files/ref3.pdf"", ""title"": ""ref20.pdf[575.64 Kb]""}, {""link"": ""http://www.scotlandoffice.gov.uk/scotlandoffice/files/ref2.pdf"", ""title"": ""ref20.pdf[575.64 Kb]""}, {""link"": ""http://www.scotlandoffice.gov.uk/scotlandoffice/files/ref5_3.pdf"", ""title"": ""ref20.pdf[575.64 Kb]""}, {""link"": ""http://www.scotlandoffice.gov.uk/scotlandoffice/files/ref4.pdf"", ""title"": ""ref20.pdf[575.64 Kb]""}, {""link"": ""http://www.scotlandoffice.gov.uk/scotlandoffice/files/ref6.pdf"", ""title"": ""ref20.pdf[575.64 Kb]""}, {""link"": ""http://www.scotlandoffice.gov.uk/scotlandoffice/files/ref7&8.pdf"", ""title"": ""ref20.pdf[575.64 Kb]""}, {""link"": ""http://www.scotlandoffice.gov.uk/scotlandoffice/files/ref9.pdf"", ""title"": ""ref20.pdf[575.64 Kb]""}, {""link"": ""http://www.scotlandoffice.gov.uk/scotlandoffice/files/ref10.pdf"", ""title"": ""ref20.pdf[575.64 Kb]""}, {""link"": ""http://www.scotlandoffice.gov.uk/scotlandoffice/files/ref11.pdf"", ""title"": ""ref20.pdf[575.64 Kb]""}, {""link"": ""http://www.scotlandoffice.gov.uk/scotlandoffice/files/ref12&13.pdf"", ""title"": ""ref20.pdf[575.64 Kb]""}, {""link"": ""http://www.scotlandoffice.gov.uk/scotlandoffice/files/ref14.pdf"", ""title"": ""ref20.pdf[575.64 Kb]""}]",Referendum on Scottish Devolution,,http://www.scotlandoffice.gov.uk/scotlandoffice/10804.146.html,Archive releases,23-Mar-2005
Scotland Office,"[{""link"": ""http://www.scotlandoffice.gov.uk/scotlandoffice/files/ANNEX A.doc"", ""title"": ""ANNEX A.doc[36.08 Kb]""}, {""link"": ""http://www.scotlandoffice.gov.uk/scotlandoffice/files/ANNEX D1.DOC"", ""title"": ""ANNEX A.doc[36.08 Kb]""}, {""link"": ""http://www.scotlandoffice.gov.uk/scotlandoffice/files/ANNEX B.doc"", ""title"": ""ANNEX A.doc[36.08 Kb]""}, {""link"": ""http://www.scotlandoffice.gov.uk/scotlandoffice/files/ANNEX C.doc"", ""title"": ""ANNEX A.doc[36.08 Kb]""}]",Visits and engagements by the Secretary of State,,http://www.scotlandoffice.gov.uk/scotlandoffice/10804.146.html,Archive releases,10-Mar-2005
Scotland Office,"[{""link"": ""http://www.scotlandoffice.gov.uk/scotlandoffice/files/SUMMARY OF FOI REQUEST 9-3.doc"", ""title"": ""SUMMARY OF FOI REQUEST 9-3.doc[64.69 Kb]""}]",Freedom of Information requests,,http://www.scotlandoffice.gov.uk/scotlandoffice/10804.146.html,Archive releases,09-Mar-2005
Scotland Office,"[{""link"": ""http://www.scotlandoffice.gov.uk/scotlandoffice/files/doc 1.pdf"", ""title"": ""doc 1.pdf[549.95 Kb]""}, {""link"": ""http://www.scotlandoffice.gov.uk/scotlandoffice/files/doc 2.pdf"", ""title"": ""doc 1.pdf[549.95 Kb]""}, {""link"": ""http://www.scotlandoffice.gov.uk/scotlandoffice/files/doc 3.pdf"", ""title"": ""doc 1.pdf[549.95 Kb]""}, {""link"": ""http://www.scotlandoffice.gov.uk/scotlandoffice/files/doc4_1.pdf"", ""title"": ""doc 1.pdf[549.95 Kb]""}, {""link"": ""http://www.scotlandoffice.gov.uk/scotlandoffice/files/doc4_2.pdf"", ""title"": ""doc 1.pdf[549.95 Kb]""}, {""link"": ""http://www.scotlandoffice.gov.uk/scotlandoffice/files/doc4_3.pdf"", ""title"": ""doc 1.pdf[549.95 Kb]""}, {""link"": ""http://www.scotlandoffice.gov.uk/scotlandoffice/files/doc4_4.pdf"", ""title"": ""doc 1.pdf[549.95 Kb]""}, {""link"": ""http://www.scotlandoffice.gov.uk/scotlandoffice/files/doc4_5.pdf"", ""title"": ""doc 1.pdf[549.95 Kb]""}, {""link"": ""http://www.scotlandoffice.gov.uk/scotlandoffice/files/doc13.pdf"", ""title"": ""doc 1.pdf[549.95 Kb]""}, {""link"": ""http://www.scotlandoffice.gov.uk/scotlandoffice/files/doc12.pdf"", ""title"": ""doc 1.pdf[549.95 Kb]""}, {""link"": ""http://www.scotlandoffice.gov.uk/scotlandoffice/files/doc11.pdf"", ""title"": ""doc 1.pdf[549.95 Kb]""}, {""link"": ""http://www.scotlandoffice.gov.uk/scotlandoffice/files/doc10.pdf"", ""title"": ""doc 1.pdf[549.95 Kb]""}, {""link"": ""http://www.scotlandoffice.gov.uk/scotlandoffice/files/doc9.pdf"", ""title"": ""doc 1.pdf[549.95 Kb]""}, {""link"": ""http://www.scotlandoffice.gov.uk/scotlandoffice/files/doc8.pdf"", ""title"": ""doc 1.pdf[549.95 Kb]""}, {""link"": ""http://www.scotlandoffice.gov.uk/scotlandoffice/files/doc7.pdf"", ""title"": ""doc 1.pdf[549.95 Kb]""}, {""link"": ""http://www.scotlandoffice.gov.uk/scotlandoffice/files/doc6.pdf"", ""title"": ""doc 1.pdf[549.95 Kb]""}, {""link"": ""http://www.scotlandoffice.gov.uk/scotlandoffice/files/doc5.pdf"", ""title"": ""doc 1.pdf[549.95 Kb]""}]",Stone of Destiny,,http://www.scotlandoffice.gov.uk/scotlandoffice/10804.146.html,Archive releases,07-Mar-2005
Scotland Office,"[{""link"": ""http://www.scotlandoffice.gov.uk/scotlandoffice/files/letter 1.pdf"", ""title"": ""letter 1.pdf[57.84 Kb]""}]",Fiscal Autonomy 1,,http://www.scotlandoffice.gov.uk/scotlandoffice/10805.145.html,Archive releases,25-Jan-2006
Scotland Office,"[{""link"": ""http://www.scotlandoffice.gov.uk/scotlandoffice/files/letter 2 and response.pdf"", ""title"": ""letter 2 and response.pdf[4.00 Mb]""}]",Fiscal Autonomy 2,,http://www.scotlandoffice.gov.uk/scotlandoffice/10805.145.html,Archive releases,25-Jan-2006
Scotland Office,"[{""link"": ""http://www.scotlandoffice.gov.uk/scotlandoffice/files/letters 5 and 6 and response.pdf"", ""title"": ""letters 5 and 6 and response.pdf[8.19 Mb]""}]",Fiscal Autonomy 5,,http://www.scotlandoffice.gov.uk/scotlandoffice/10805.145.html,Archive releases,25-Jan-2006
Scotland Office,"[{""link"": ""http://www.scotlandoffice.gov.uk/scotlandoffice/files/letter 4.pdf"", ""title"": ""letter 4.pdf[1.91 Mb]""}]",Fiscal autonomy 4,,http://www.scotlandoffice.gov.uk/scotlandoffice/10805.145.html,Archive releases,25-Jan-2006
Scotland Office,"[{""link"": ""http://www.scotlandoffice.gov.uk/scotlandoffice/files/letter 3.pdf"", ""title"": ""letter 3.pdf[2.15 Mb]""}]",Fiscal Autonomy 3,,http://www.scotlandoffice.gov.uk/scotlandoffice/10805.145.html,Archive releases,25-Jan-2006
Scotland Office,"[{""link"": ""http://www.scotlandoffice.gov.uk/scotlandoffice/files/FOISpendingonwine.pdf"", ""title"": ""FOISpendingonwine.pdf[49.78 Kb]""}]",Spending by the Scotland Office on wine,,http://www.scotlandoffice.gov.uk/scotlandoffice/10806.144.html,Archive releases,11-Jan-2007
Scotland Office,"[{""link"": ""http://www.scotlandoffice.gov.uk/scotlandoffice/files/FOIVisitsNIreland.pdf"", ""title"": ""FOIVisitsNIreland.pdf[40.76 Kb]""}]",Visits by the Secretary of State for Scotland to Northern Ireland,,http://www.scotlandoffice.gov.uk/scotlandoffice/10806.144.html,Archive releases,11-Jan-2007
Scotland Office,"[{""link"": ""http://www.scotlandoffice.gov.uk/scotlandoffice/files/FOI 180108 IT policy answer.pdf"", ""title"": ""FOI 180108 IT policy answer.pdf[32.15 Kb]""}, {""link"": ""http://www.scotlandoffice.gov.uk/scotlandoffice/files/FOI 160108 IT policy request.pdf"", ""title"": ""FOI 180108 IT policy answer.pdf[32.15 Kb]""}]",IT policy,,http://www.scotlandoffice.gov.uk/scotlandoffice/10807.143.html,Archive releases,18-Jan-2008
Scotland Office,"[{""link"": ""http://www.scotlandoffice.gov.uk/scotlandoffice/files/FOI 140108 Secretary of State diary.pdf"", ""title"": ""FOI 140108 Secretary of State diary.pdf[91.51 Kb]""}]",Secretary of State's diary,,http://www.scotlandoffice.gov.uk/scotlandoffice/10807.143.html,Archive releases,14-Jan-2008
Scotland Office,"[{""link"": ""http://www.scotlandoffice.gov.uk/scotlandoffice/files/FOI 110108 Secretary of State diary.pdf"", ""title"": ""FOI 110108 Secretary of State diary.pdf[68.73 Kb]""}]",Secretary of State engagements,,http://www.scotlandoffice.gov.uk/scotlandoffice/10807.143.html,Archive releases,11-Jan-2008
Scotland Office,"[{""link"": ""http://www.scotlandoffice.gov.uk/scotlandoffice/files/Hotels used by the Scotland Office.pdf"", ""title"": ""Hotels used by the Scotland Office""}]",Hotels used by the Scotland Office,,http://www.scotlandoffice.gov.uk/scotlandoffice/13342.html,Archive releases,22-Dec-2009
Scotland Office,"[{""link"": ""http://www.scotlandoffice.gov.uk/scotlandoffice/files/PR and Marketing Expenses.pdf"", ""title"": ""PR and Marketing Expenses""}]",PR and Marketing Expenses,,http://www.scotlandoffice.gov.uk/scotlandoffice/13342.html,Archive releases,17-Dec-2009
Scotland Office,"[{""link"": ""http://www.scotlandoffice.gov.uk/scotlandoffice/files/Staff Expenses 1.pdf"", ""title"": ""Staff Expenses 1""}]",Staff Expenses 1,,http://www.scotlandoffice.gov.uk/scotlandoffice/13342.html,Archive releases,14-Dec-2009
Scotland Office,"[{""link"": ""http://www.scotlandoffice.gov.uk/scotlandoffice/files/Staff Expenses 2.pdf"", ""title"": ""Staff Expenses 2""}]",Staff Expenses 2,,http://www.scotlandoffice.gov.uk/scotlandoffice/13342.html,Archive releases,14-Dec-2009
Scotland Office,"[{""link"": ""http://www.scotlandoffice.gov.uk/scotlandoffice/files/Head of Office Expenses.pdf"", ""title"": ""Head of Office Expenses""}]",Head of Office Expenses,,http://www.scotlandoffice.gov.uk/scotlandoffice/13342.html,Archive releases,14-Dec-2009
Scotland Office,"[{""link"": ""http://www.scotlandoffice.gov.uk/scotlandoffice/files/Version for website 674.pdf"", ""title"": ""Spending Reduction 80kb""}]",Spending Reductions,,http://www.scotlandoffice.gov.uk/scotlandoffice/13661.html,Archive releases,15-Dec-2010
Scotland Office,"[{""link"": ""http://www.scotlandoffice.gov.uk/scotlandoffice/files/Version for website.pdf"", ""title"": ""Bank Penalty Fee 56KB""}]",Bank Penalty Fee,,http://www.scotlandoffice.gov.uk/scotlandoffice/13661.html,Archive releases,07-Dec-2010
Scotland Office,"[{""link"": ""http://www.scotlandoffice.gov.uk/scotlandoffice/files/Version for website 344.pdf"", ""title"": ""Meetings between SO Ministers, special advisers & journalists (91KB)""}]","Meetings between SO Ministers, special advisers & journalists",,http://www.scotlandoffice.gov.uk/scotlandoffice/15263.html,Archive releases,22-Dec-2011
Scotland Office,"[{""link"": ""http://www.scotlandoffice.gov.uk/scotlandoffice/files/Version for website 355.pdf"", ""title"": ""New Regulations (173KB)""}]",New Regulations,,http://www.scotlandoffice.gov.uk/scotlandoffice/15263.html,Archive releases,20-Dec-2011
Scotland Office,"[{""link"": ""http://www.scotlandoffice.gov.uk/scotlandoffice/files/Version for website 359.pdf"", ""title"": ""Payments to private investigators (78KB)""}]",Payments to private investigators,,http://www.scotlandoffice.gov.uk/scotlandoffice/15263.html,Archive releases,19-Dec-2011
Scotland Office,"[{""link"": ""http://www.scotlandoffice.gov.uk/scotlandoffice/files/Version for website 317.pdf"", ""title"": ""Guidance on personal emails (58KB)""}]",Guidance on personal emails,,http://www.scotlandoffice.gov.uk/scotlandoffice/15263.html,Archive releases,19-Dec-2011
Scotland Office,"[{""link"": ""http://www.scotlandoffice.gov.uk/scotlandoffice/files/Version for website 351.pdf"", ""title"": ""Staff numbers since 6 May 2010 (188KB)""}]",Staff numbers since 6 May 2010,,http://www.scotlandoffice.gov.uk/scotlandoffice/15263.html,Archive releases,19-Dec-2011
Scotland Office,"[{""link"": ""http://www.scotlandoffice.gov.uk/scotlandoffice/files/Version for website 353.pdf"", ""title"": ""Artwork purchased from 2006 (65KB)""}]",Artwork purchased from 2006,,http://www.scotlandoffice.gov.uk/scotlandoffice/15263.html,Archive releases,16-Dec-2011
Scotland Office,"[{""link"": ""http://www.scotlandoffice.gov.uk/scotlandoffice/files/Version for website 352.pdf"", ""title"": ""Ministerial conduct (44KB)""}]",Ministerial conduct,,http://www.scotlandoffice.gov.uk/scotlandoffice/15263.html,Archive releases,15-Dec-2011
Scotland Office,"[{""link"": ""http://www.scotlandoffice.gov.uk/scotlandoffice/files/Version for website 356.pdf"", ""title"": ""Wages & Expenses relating to arrival of pandas (80KB)""}]",Wages & Expenses relating to arrival of pandas,,http://www.scotlandoffice.gov.uk/scotlandoffice/15263.html,Archive releases,07-Dec-2011
Scotland Office,"[{""link"": ""http://www.scotlandoffice.gov.uk/scotlandoffice/files/Version for website 339.pdf"", ""title"": ""Expenditure on hospitality over past two years (233KB)""}]",Expenditure on hospitality over past two years,,http://www.scotlandoffice.gov.uk/scotlandoffice/15263.html,Archive releases,07-Dec-2011
Scotland Office,"[{""link"": ""http://www.scotlandoffice.gov.uk/scotlandoffice/files/Revised version for website 354.pdf"", ""title"": ""Scotland Office expenses towards arrival of Panda's (68KB)""}]",Scotland Office expenses towards arrival of Panda's,,http://www.scotlandoffice.gov.uk/scotlandoffice/15263.html,Archive releases,06-Dec-2011
